[{"appointment":{"firstName":"Arvin","lastName":"Malaluan","phoneNumber":"09865476432","checkOutDate":"2024-03-10","daysStayed":"7","roomCapacity":"2-5 pax","checkInDate":"2024-03-03","bookingID":"1","email":"vin@email.com","roomType":"Family Room","uniqueID":null,"status":"checked-out"}},{"appointment":{"firstName":"Nichole","lastName":"Escano","phoneNumber":"09568905461","checkOutDate":"2024-03-16","daysStayed":"5","roomCapacity":"2-5 pax","checkInDate":"2024-03-11","bookingID":"2","email":"nichs@email.com","roomType":"Family Room","uniqueID":null,"status":"approved"}},{"appointment":{"firstName":"Minette","lastName":"Mandac","phoneNumber":"09765834532","checkOutDate":"2024-03-30","daysStayed":"3","roomCapacity":"1-2 pax","checkInDate":"2024-03-27","bookingID":"3","email":"minet@email.com","roomType":"Pair Room","uniqueID":null,"status":"checked-out"}},{"appointment":{"firstName":"Shaine","lastName":"Razo","phoneNumber":"09768231456","checkOutDate":"2024-04-07","daysStayed":"6","roomCapacity":"2-5 pax","checkInDate":"2024-04-01","bookingID":"4","email":"shaine@email.com","roomType":"Family Room","uniqueID":null,"status":"approved"}},{"appointment":{"firstName":"Shane","lastName":"Usi","phoneNumber":"09567823145","checkOutDate":"2024-04-13","daysStayed":"3","roomCapacity":"2-5 pax","checkInDate":"2024-04-10","bookingID":"5","email":"shane@email.com","roomType":"Family Room","uniqueID":null,"status":"approved"}},{"appointment":{"firstName":"client","lastName":"client","phoneNumber":"09123456789","checkOutDate":"2024-01-02","daysStayed":"1","roomCapacity":"1-2 pax","checkInDate":"2024-01-01","bookingID":"6","email":"client@email.com","roomType":"Pair Room","uniqueID":null,"status":"approved"}},{"appointment":{"firstName":"Nichole Jhoy","lastName":"Escano","phoneNumber":"09123456789","checkOutDate":"2024-05-13","daysStayed":"2","roomCapacity":"2-5 pax","checkInDate":"2024-05-11","bookingID":"7","email":"nichs@email.com","roomType":"Family Room","uniqueID":null,"status":"approved"}},{"appointment":{"firstName":"Arvin","lastName":"Malaluan","phoneNumber":"09123456778","checkOutDate":"2024-05-23","daysStayed":"3","roomCapacity":"5-12 pax","checkInDate":"2024-05-20","bookingID":"8","email":"vin@email.com","roomType":"Large Room","uniqueID":null,"status":"approved"}},{"appointment":{"firstName":"Lando","lastName":"Norris","phoneNumber":"09123456789","checkOutDate":"2023-06-04","daysStayed":"2","roomCapacity":"1-2 pax","checkInDate":"2023-06-02","bookingID":"9","email":"ln@email.com","roomType":"Pair Room","uniqueID":null,"status":"approved"}},{"appointment":{"firstName":"Lando","lastName":"Norris","phoneNumber":"09123456789","checkOutDate":"2023-08-08","daysStayed":"3","roomCapacity":"5-12 pax","checkInDate":"2023-08-05","bookingID":"10","email":"ln@email.com","roomType":"Large Room","uniqueID":null,"status":"checked-out"}},{"appointment":{"firstName":"Nichole","lastName":"Escano","phoneNumber":"09123456789","checkOutDate":"2024-07-10","daysStayed":"3","roomCapacity":"2-5 pax","checkInDate":"2024-07-07","bookingID":"11","email":"nichs@email.com","roomType":"Family Room","uniqueID":null,"status":"checked-out"}},{"appointment":{"firstName":"Robert","lastName":"Downey","phoneNumber":"09123456789","checkOutDate":"2023-11-19","daysStayed":"4","roomCapacity":"1-2 pax","checkInDate":"2023-11-15","bookingID":"12","email":"ironman@email.com","roomType":"Pair Room","uniqueID":null,"status":"checked-out"}},{"appointment":{"firstName":"client","lastName":"client","phoneNumber":"09123456789","checkOutDate":"2023-08-13","daysStayed":"2","roomCapacity":"2-5 pax","checkInDate":"2023-08-11","bookingID":"13","email":"client@email.com","roomType":"Family Room","uniqueID":null,"status":"approved"}},{"appointment":{"firstName":"admin","lastName":"admin","phoneNumber":"09123456789","checkOutDate":"2023-08-16","daysStayed":"2","roomCapacity":"2-5 pax","checkInDate":"2023-08-14","bookingID":"14","email":"admin@email.com","roomType":"Family Room","uniqueID":null,"status":"approved"}},{"appointment":{"firstName":"Robert","lastName":"Downey","phoneNumber":"09123456789","checkOutDate":"2024-07-05","daysStayed":"4","roomCapacity":"1-2 pax","checkInDate":"2024-07-01","bookingID":"15","email":"ironman@email.com","roomType":"Pair Room","uniqueID":null,"status":"checked-in"}},{"appointment":{"firstName":"Larry","lastName":"Bird","phoneNumber":"09123456789","checkOutDate":"2024-06-16","daysStayed":"4","roomCapacity":"2-5 pax","checkInDate":"2024-06-12","bookingID":"16","email":"lb@email.com","roomType":"Family Room","uniqueID":null,"status":"checked-out"}},{"appointment":{"firstName":"aiki","lastName":"ko","phoneNumber":"09123456789","checkOutDate":"2024-04-13","daysStayed":"3","roomCapacity":"2-5 pax","checkInDate":"2024-04-10","bookingID":"17","email":"aikiko@email.com","roomType":"Family Room","uniqueID":null,"status":"approved"}},{"appointment":{"firstName":"Nichole","lastName":"Escano","phoneNumber":"09876543212","checkOutDate":"2024-03-31","daysStayed":"5","roomCapacity":"1-2 pax","checkInDate":"2024-03-26","bookingID":"18","email":"nichs@email.com","roomType":"Pair Room","uniqueID":null,"status":"checked-in"}},{"appointment":{"firstName":"Aero","lastName":"Leo","phoneNumber":"09876543212","checkOutDate":"2024-05-23","daysStayed":"3","roomCapacity":"2-5 pax","checkInDate":"2024-05-20","bookingID":"19","email":"aero@emailc.com","roomType":"Family Room","uniqueID":null,"status":"checked-in"}},{"appointment":{"firstName":"Arvin","lastName":"Malaluan","phoneNumber":"09876543212","checkOutDate":"2024-04-30","daysStayed":"2","roomCapacity":"2-5 pax","checkInDate":"2024-04-28","bookingID":"20","email":"arvinm@email.com","roomType":"Family Room","uniqueID":null,"status":"checked-in"}},{"appointment":{"firstName":"Peter","lastName":"Kavinsky","phoneNumber":"09123456789","checkOutDate":"2024-05-14","daysStayed":"2","roomCapacity":"5-12 pax","checkInDate":"2024-05-12","bookingID":"21","email":"peter@email.com","roomType":"Large Room","uniqueID":null,"status":"checked-in"}},{"appointment":{"firstName":"Jeon ","lastName":"Jungkook","phoneNumber":"09876543213","checkOutDate":"2024-09-03","daysStayed":"2","roomCapacity":"5-12 pax","checkInDate":"2024-09-01","bookingID":"22","email":"nichs@email.com","roomType":"Large Room","uniqueID":null,"status":"approved"}},{"appointment":{"firstName":"Namjoon","lastName":"Kim","phoneNumber":"09876543212","checkOutDate":"2024-09-07","daysStayed":"3","roomCapacity":"5-12 pax","checkInDate":"2024-09-04","bookingID":"23","email":"nichs@email.com","roomType":"Large Room","uniqueID":null,"status":"declined"}},{"appointment":{"firstName":"Nichole","lastName":"Escano","phoneNumber":"09876543212","checkOutDate":"2024-03-19","daysStayed":"2","roomCapacity":"5-12 pax","checkInDate":"2024-03-17","bookingID":"24","email":"nichs@email.com","roomType":"Large Room","uniqueID":null,"status":"cancelled"}},{"appointment":{"firstName":"Aero","lastName":"Leo","phoneNumber":"09123456789","checkOutDate":"2024-04-20","daysStayed":"5","roomCapacity":"1-2 pax","checkInDate":"2024-04-15","bookingID":"25","email":"aero@email.com","roomType":"Pair Room","uniqueID":null,"status":"pending"}},{"appointment":{"firstName":"Peter","lastName":"Kavinsky","phoneNumber":"09123456789","checkOutDate":"2024-04-16","daysStayed":"2","roomCapacity":"2-5 pax","checkInDate":"2024-04-14","bookingID":"26","email":"peter@email.com","roomType":"Family Room","uniqueID":null,"status":"pending"}},{"appointment":{"firstName":"Peter","lastName":"Kavinsky","phoneNumber":"09876543212","checkOutDate":"2024-04-07","daysStayed":"2","roomCapacity":"1-2 pax","checkInDate":"2024-04-05","bookingID":"27","email":"peter@email.com","roomType":"Pair Room","uniqueID":null,"status":"pending"}},{"appointment":{"firstName":"Nichole","lastName":"Escano","phoneNumber":"09876543212","checkOutDate":"2024-04-23","daysStayed":"2","roomCapacity":"2-5 pax","checkInDate":"2024-04-21","bookingID":"28","email":"nichs@email.com","roomType":"Family Room","uniqueID":null,"status":"pending"}},{"appointment":{"firstName":"Arvin","lastName":"Malaluan","phoneNumber":"09123456789","checkOutDate":"2024-04-03","daysStayed":"2","roomCapacity":"5-12 pax","checkInDate":"2024-04-01","bookingID":"29","email":"vin@email.com","roomType":"Large Room","uniqueID":null,"status":"declined"}},{"appointment":{"firstName":"Nichole","lastName":"Escano","phoneNumber":"09876543212","checkOutDate":"2024-04-23","daysStayed":"2","roomCapacity":"5-12 pax","checkInDate":"2024-04-21","bookingID":"30","email":"nichs@email.com","roomType":"Large Room","uniqueID":null,"status":"pending"}},{"appointment":{"firstName":"Lara","lastName":"Covey","phoneNumber":"09456789321","checkOutDate":"2024-04-30","daysStayed":"2","roomCapacity":"1-2 pax","checkInDate":"2024-04-28","bookingID":"31","email":"lara@email.com","roomType":"Pair Room","uniqueID":null,"status":"pending"}},{"appointment":{"firstName":"Aero","lastName":"Leo","phoneNumber":"09876543212","checkOutDate":"2024-04-23","daysStayed":"2","roomCapacity":"1-2 pax","checkInDate":"2024-04-21","bookingID":"32","email":"aero@email.com","roomType":"Pair Room","uniqueID":null,"status":"pending"}},{"appointment":{"firstName":"Nichole Jhoy","lastName":"Escano","phoneNumber":"09876543212","checkOutDate":"2024-04-17","daysStayed":"3","roomCapacity":"5-12 pax","checkInDate":"2024-04-14","bookingID":"33","email":"nichs@email.com","roomType":"Large Room","uniqueID":null,"status":"pending"}},{"appointment":{"firstName":"Nichole","lastName":"Escano","phoneNumber":"09876543212","checkOutDate":"2024-04-23","daysStayed":"2","roomCapacity":"1-2 pax","checkInDate":"2024-04-21","bookingID":"34","email":"nichs@email.com","roomType":"Pair Room","uniqueID":null,"status":"pending"}},{"appointment":{"firstName":"Nichole ","lastName":"Escano","phoneNumber":"09876543212","checkOutDate":"2024-04-26","daysStayed":"2","roomCapacity":"1-2 pax","checkInDate":"2024-04-24","bookingID":"35","email":"nichs@email.com","roomType":"Pair Room","uniqueID":null,"status":"pending"}},{"appointment":{"firstName":"Lando ","lastName":"Norris","phoneNumber":"09123456789","checkOutDate":"2024-04-09","daysStayed":"1","roomCapacity":"2-5 pax","checkInDate":"2024-04-08","bookingID":"36","email":"ln@email.com","roomType":"Family Room","uniqueID":null,"status":"pending"}},{"appointment":{"firstName":"Nichole","lastName":"Escano","phoneNumber":"09876543212","checkOutDate":"2024-04-06","daysStayed":"2","roomCapacity":"5-12 pax","checkInDate":"2024-04-04","bookingID":"37","email":"nichs@email.com","roomType":"Large Room","uniqueID":null,"status":"pending"}},{"appointment":{"firstName":"Lara","lastName":"Covey","phoneNumber":"09876543212","checkOutDate":"2024-04-09","daysStayed":"2","roomCapacity":"5-12 pax","checkInDate":"2024-04-07","bookingID":"38","email":"lara@email.com","roomType":"Large Room","uniqueID":null,"status":"approved"}},{"appointment":{"firstName":"aiki","lastName":"ko","phoneNumber":"09123456789","checkOutDate":"2024-04-03","daysStayed":"2","roomCapacity":"1-2 pax","checkInDate":"2024-04-01","bookingID":"39","email":"aikiko@email.com","roomType":"Pair Room","uniqueID":null,"status":"approved"}},{"appointment":{"firstName":"aiki","lastName":"ko","phoneNumber":"09123456789","checkOutDate":"2024-04-03","daysStayed":"2","roomCapacity":"1-2 pax","checkInDate":"2024-04-01","bookingID":"40","email":"aikiko@email.com","roomType":"Pair Room","uniqueID":null,"status":"declined"}}]