[{"checkout":{"firstName":"Robert","lastName":"Downey","phoneNumber":"09123456789","checkOutDate":"2023-11-19","daysStayed":"4","roomCapacity":"1-2 pax","checkInDate":"2023-11-15","bookingID":"12","email":"ironman@email.com","roomType":"Pair Room","uniqueID":null}},{"checkout":{"firstName":"Arvin","lastName":"Malaluan","phoneNumber":"09865476432","checkOutDate":"2024-03-10","daysStayed":"7","roomCapacity":"5-12 pax","checkInDate":"2024-03-03","bookingID":"1","email":"vin@email.com","roomType":"Family Room","uniqueID":null}},{"checkout":{"firstName":"Nichole","lastName":"Escano","phoneNumber":"09123456789","checkOutDate":"2024-07-10","daysStayed":"3","roomCapacity":"2-5 pax","checkInDate":"2024-07-07","bookingID":"11","email":"nichs@email.com","roomType":"Family Room","uniqueID":null}},{"checkout":{"firstName":"Minette","lastName":"Mandac","phoneNumber":"09765834532","checkOutDate":"2024-03-30","daysStayed":"3","roomCapacity":"1-2 pax","checkInDate":"2024-03-27","bookingID":"3","email":"minet@email.com","roomType":"Pair Room","uniqueID":null}},{"checkout":{"firstName":"Larry","lastName":"Bird","phoneNumber":"09123456789","checkOutDate":"2024-06-16","daysStayed":"4","roomCapacity":"2-5 pax","checkInDate":"2024-06-12","bookingID":"16","email":"lb@email.com","roomType":"Family Room","uniqueID":null}},{"checkout":{"firstName":"Lando","lastName":"Norris","phoneNumber":"09123456789","checkOutDate":"2023-08-08","daysStayed":"3","roomCapacity":"5-12 pax","checkInDate":"2023-08-05","bookingID":"10","email":"ln@email.com","roomType":"Family Room","uniqueID":null}},{"checkout":{"firstName":"client","lastName":"client","phoneNumber":"09123456789","checkOutDate":"2024-04-09","daysStayed":"1","roomCapacity":"5-12 pax","checkInDate":"2024-04-08","bookingID":"36","email":"client@email.com","roomType":"Large Room","uniqueID":null}},{"checkout":{"firstName":"aiki","lastName":"ko","phoneNumber":"09123456789","checkOutDate":"2024-04-03","daysStayed":"2","roomCapacity":"1-2 pax","checkInDate":"2024-04-01","bookingID":"39","email":"aikiko@email.com","roomType":"Pair Room","uniqueID":null}}]