[{"guest":{"firstName":"Robert","lastName":"Downey","phoneNumber":"09123456789","checkOutDate":"2024-07-05","roomCapacity":"1-2 pax","checkInDate":"2024-07-01","bookingID":"15","email":"ironman@email.com","roomType":"Pair Room","uniqueID":null}},{"guest":{"firstName":"Nichole","lastName":"Escano","phoneNumber":"09876543212","checkOutDate":"2024-03-31","roomCapacity":"1-2 pax","checkInDate":"2024-03-26","bookingID":"18","email":"nichs@email.com","roomType":"Pair Room","uniqueID":null}},{"guest":{"firstName":"Arvin","lastName":"Malaluan","phoneNumber":"09876543212","checkOutDate":"2024-04-30","roomCapacity":"2-5 pax","checkInDate":"2024-04-28","bookingID":"20","email":"arvinm@email.com","roomType":"Family Room","uniqueID":null}},{"guest":{"firstName":"Peter","lastName":"Kavinsky","phoneNumber":"09123456789","checkOutDate":"2024-05-14","roomCapacity":"5-12 pax","checkInDate":"2024-05-12","bookingID":"21","email":"peter@email.com","roomType":"Large Room","uniqueID":null}},{"guest":{"firstName":"Arvin","lastName":"Malaluan","phoneNumber":"09865476432","checkOutDate":"2024-03-10","roomCapacity":"5-12 pax","checkInDate":"2024-03-03","bookingID":"1","email":"vin@email.com","roomType":"Family Room","uniqueID":null}},{"guest":{"firstName":"Aero","lastName":"Leo","phoneNumber":"09876543212","checkOutDate":"2024-05-23","roomCapacity":"2-5 pax","checkInDate":"2024-05-20","bookingID":"19","email":"aero@email.com","roomType":"Family Room","uniqueID":null}},{"guest":{"firstName":"admin","lastName":"admin","phoneNumber":"09123456789","checkOutDate":"2024-04-20","roomCapacity":"2-5 pax","checkInDate":"2024-04-17","bookingID":"35","email":"admin@email.com","roomType":"Family Room","uniqueID":null}},{"guest":{"firstName":"aiki","lastName":"ko","phoneNumber":"09123456789","checkOutDate":"2024-04-13","roomCapacity":"5","checkInDate":"2024-04-10","bookingID":"17","email":"aikiko@email.com","roomType":"Family Room","uniqueID":null}}]