[{"account":{"firstName":"client","lastName":"client","password":"password","phoneNumber":"1234567890","isBanned":false,"isOnline":false,"isAdmin":true,"accountNumber":"1","age":"21","email":"client@email.com","uniqueID":null}},{"account":{"firstName":"banned","lastName":"banned","password":"password","phoneNumber":"1234567890","isBanned":true,"isOnline":false,"isAdmin":false,"accountNumber":"2","age":"21","email":"banned@email.com","uniqueID":null}},{"account":{"firstName":"Nichole","lastName":"Escano","password":"123nichs","phoneNumber":"09568905467","isBanned":false,"isOnline":false,"isAdmin":false,"accountNumber":"3","age":"20","email":"nichs@email.com","uniqueID":null}},{"account":{"firstName":"admin","lastName":"admin","password":"password","phoneNumber":"09123456789","isBanned":false,"isOnline":false,"isAdmin":true,"accountNumber":"4","age":"21","email":"admin@email.com","uniqueID":null}},{"account":{"firstName":"arvin","lastName":"malaluan","password":"omsimtol","phoneNumber":"09204561234","isBanned":false,"isOnline":false,"isAdmin":false,"accountNumber":"5","age":"20","email":"arvinm@email.com","uniqueID":null}},{"account":{"firstName":"ki","lastName":"el","password":"password","phoneNumber":"09807651234","isBanned":false,"isOnline":false,"isAdmin":false,"accountNumber":"6","age":"19","email":"kiel@email.com","uniqueID":null}},{"account":{"firstName":"aiki","lastName":"ko","password":"password","phoneNumber":"09807651234","isBanned":false,"isOnline":false,"isAdmin":false,"accountNumber":"7","age":"19","email":"aikiko@email.com","uniqueID":null}},{"account":{"firstName":"Coco","lastName":"Martin","password":"cocoloco","phoneNumber":"09249081234","isBanned":true,"isOnline":false,"isAdmin":false,"accountNumber":"8","age":"35","email":"cmartin@email.com","uniqueID":null}},{"account":{"firstName":"Lando","lastName":"Norris","password":"123lando","phoneNumber":"09123456789","isBanned":false,"isOnline":false,"isAdmin":false,"accountNumber":"9","age":"23","email":"ln@email.com","uniqueID":null}},{"account":{"firstName":"Peter","lastName":"Kavinsky","password":"123peter","phoneNumber":"09123456789","isBanned":false,"isOnline":false,"isAdmin":false,"accountNumber":"10","age":"21","email":"peter@email.com","uniqueID":null}},{"account":{"firstName":"Lara","lastName":"Covey","password":"123lara","phoneNumber":"09876543212","isBanned":false,"isOnline":false,"isAdmin":false,"accountNumber":"11","age":"20","email":"lara@email.com","uniqueID":null}},{"account":{"firstName":"Robert","lastName":"Downey","password":"123ironman","phoneNumber":"09123456789","isBanned":false,"isOnline":false,"isAdmin":false,"accountNumber":"12","age":"43","email":"ironman@email.com","uniqueID":null}},{"account":{"firstName":"Aero","lastName":"Leo","password":"123aero","phoneNumber":"09876543212","isBanned":false,"isOnline":false,"isAdmin":false,"accountNumber":"13","age":"21","email":"aero@email.com","uniqueID":null}},{"account":{"firstName":"Kai","lastName":"James","password":"123kai","phoneNumber":"09876543212","isBanned":false,"isOnline":false,"isAdmin":false,"accountNumber":"14","age":"34","email":"kai@email.com","uniqueID":null}},{"account":{"firstName":"Jessica ","lastName":"Lopez","password":"123jess","phoneNumber":"09876543212","isBanned":false,"isOnline":false,"isAdmin":false,"accountNumber":"15","age":"24","email":"jess@email.com","uniqueID":null}},{"account":{"firstName":"Justin","lastName":"Beiber","password":"123justin","phoneNumber":"09876543212","isBanned":false,"isOnline":false,"isAdmin":false,"accountNumber":"16","age":"45","email":"justin@email.com","uniqueID":null}},{"account":{"firstName":"Ashley","lastName":"Middleton","password":"123ash","phoneNumber":"09123456789","isBanned":false,"isOnline":false,"isAdmin":false,"accountNumber":"17","age":"23","email":"ash@email.com","uniqueID":null}},{"account":{"firstName":"James","lastName":"Thomas","password":"123james","phoneNumber":"09876543212","isBanned":false,"isOnline":false,"isAdmin":false,"accountNumber":"18","age":"34","email":"james@email.com","uniqueID":null}},{"account":{"firstName":"Asher","lastName":"Klent","password":"123asher","phoneNumber":"09876543212","isBanned":false,"isOnline":false,"isAdmin":false,"accountNumber":"19","age":"25","email":"asher@email.com","uniqueID":null}},{"account":{"firstName":"Olivia ","lastName":"Rodrigo","password":"123oli","phoneNumber":"09876543212","isBanned":false,"isOnline":false,"isAdmin":false,"accountNumber":"20","age":"21","email":"oli@email.com","uniqueID":null}},{"account":{"firstName":"Ariana","lastName":"Grande","password":"123ari","phoneNumber":"09876543212","isBanned":false,"isOnline":false,"isAdmin":false,"accountNumber":"21","age":"28","email":"ari@email.com","uniqueID":null}},{"account":{"firstName":"Shane","lastName":"Usi","password":"Shaneusi","phoneNumber":"09915000000","isBanned":false,"isOnline":false,"isAdmin":false,"accountNumber":"22","age":"19","email":"usi@gmail.com","uniqueID":null}},{"account":{"firstName":"Alexa","lastName":"Siri","password":"alex123","phoneNumber":"09876543212","isBanned":false,"isOnline":false,"isAdmin":false,"accountNumber":"23","age":"34","email":"alex@email.com","uniqueID":null}}]