[
  {
    "room": {
      "active": true,
      "bookedDates": [
        {
          "date": {
            "start": "2024-03-11",
            "end": "2024-03-16"
          }
        },
        {
          "date": {
            "start": "2024-04-01",
            "end": "2024-04-07"
          }
        },
        {
          "date": {
            "start": "2024-04-10",
            "end": "2024-04-13"
          }
        },
        {
          "date": {
            "start": "2024-05-11",
            "end": "2024-05-13"
          }
        },
        {
          "date": {
            "start": "2023-08-11",
            "end": "2023-08-13"
          }
        },
        {
          "date": {
            "start": "2023-08-14",
            "end": "2023-08-16"
          }
        },
        {
          "date": {
            "start": "2024-04-10",
            "end": "2024-04-13"
          }
        },
        {
          "date": {
            "start": "2024-05-20",
            "end": "2024-05-23"
          }
        },
        {
          "date": {
            "start": "2024-04-28",
            "end": "2024-04-30"
          }
        }
      ],
      "roomCapacity": "2-5 pax",
      "disabledDates": [],
      "imgSrc": "src\/main\/java\/midproject\/utilities\/Fam_room.jpg",
      "roomID": "2",
      "roomType": "Family Room"
    }
  },
  {
    "room": {
      "active": true,
      "bookedDates": [
        {
          "date": {
            "start": "2024-01-01",
            "end": "2024-01-02"
          }
        },
        {
          "date": {
            "start": "2023-06-02",
            "end": "2023-06-04"
          }
        },
        {
          "date": {
            "start": "2024-07-01",
            "end": "2024-07-05"
          }
        },
        {
          "date": {
            "start": "2024-03-26",
            "end": "2024-03-31"
          }
        },
        {
          "date": {
            "start": "2024-04-01",
            "end": "2024-04-03"
          }
        }
      ],
      "roomCapacity": "1-2 pax",
      "disabledDates": [],
      "imgSrc": "src\/main\/java\/midproject\/utilities\/Pair_room.jpg",
      "roomID": "3",
      "roomType": "Pair Room"
    }
  },
  {
    "room": {
      "active": true,
      "bookedDates": [
        {
          "date": {
            "start": "2024-05-20",
            "end": "2024-05-23"
          }
        },
        {
          "date": {
            "start": "2024-05-12",
            "end": "2024-05-14"
          }
        },
        {
          "date": {
            "start": "2024-09-01",
            "end": "2024-09-03"
          }
        },
        {
          "date": {
            "start": "2024-04-07",
            "end": "2024-04-09"
          }
        }
      ],
      "roomCapacity": "5-12 pax",
      "disabledDates": [],
      "imgSrc": "src\/main\/java\/midproject\/utilities\/Large_room.jpg",
      "roomID": "4",
      "roomType": "Large Room"
    }
  }
]